<?xml version="1.0" encoding="UTF-8"?>
<project-private xmlns="http://www.netbeans.org/ns/project-private/1">
    <editor-bookmarks xmlns="http://www.netbeans.org/ns/editor-bookmarks/2" lastBookmarkId="0"/>
    <open-files xmlns="http://www.netbeans.org/ns/projectui-open-files/2">
        <group>
            <file>file:/Y:/Documents/ICS3U/DataExercisesPart2/MasonDataExercise2_6/src/masondataexercise2_6/WORK.txt</file>
            <file>file:/Y:/Documents/ICS3U/DataExercisesPart2/MasonDataExercise2_6/src/masondataexercise2_6/MasonDataExercise2_6.java</file>
        </group>
    </open-files>
</project-private>
